Ad3traffic;1;0;2017-03-01
Adacts;1;0;2017-03-01
Addictive Ads;1;0;2017-03-01
Adooya Crossrider CPA;1;0;2017-03-01
Adstacks;1;0;2017-03-01
Adwool;1;0;2017-03-01
Affimobiz;1;0;2017-03-01
App Promoters;1;0;2017-03-01
BlackFox;1;0;2017-03-01
CliqDigital;2;0;2017-03-01
Crowmobi;1;0;2017-03-01
DobleVia Latam;1;0;2017-03-01
Doozymob;1;0;2017-03-01
Epom Market;1;0;2017-03-01
Eptonic;1;0;2017-03-01
Grand Oro LP;1;0;2017-03-01
IDB Group;2;0;2017-03-01
Layroute;2;0;2017-03-01
Linkadia CPA;1;0;2017-03-01
Maverick CPA;1;0;2017-03-01
Miri Media;1;0;2017-03-01
MiskyAds;2;0;2017-03-01
MobChain;1;0;2017-03-01
Mobipium;1;0;2017-03-01
Naranya CPA;9;0;2017-03-01
Revenuemob;1;0;2017-03-01
Seko Media;1;0;2017-03-01
Softerik;1;0;2017-03-01
Trooperads;1;0;2017-03-01
Laddez;2;1,1;2017-03-01
AddValue Media CPI;1;1,4;2017-03-01
Sabia Media;1;1,82;2017-03-01
ReGaming;1;1,83;2017-03-01
CPITraffic;1;1,95;2017-03-01
Affle CPA;2;2,2;2017-03-01
Basebone;13;4,8;2017-03-01
Mobobeat CPI;3;5,4;2017-03-01
AdsFast;2;5,55;2017-03-01
SmartLead;14;7,15;2017-03-01
Image Perfect;13;9,6;2017-03-01
Go-Rilla;17;11,4;2017-03-01
Mobilogia;25;13,62;2017-03-01
Persona.ly;13;13,92;2017-03-01
3DM;8;15,9;2017-03-01
Glize;3;17,25;2017-03-01
Click2commission CPA;20;18;2017-03-01
Mobrider;15;18,88;2017-03-01
Zenna;12;19,7;2017-03-01
Neomobile;92;27,3;2017-03-01
Adstract;36;29,07;2017-03-01
Avazu;33;29,2;2017-03-01
Rekket;17;29,92;2017-03-01
Leadzinmarketing AFFTRACK;21;34,2;2017-03-01
MappStreet;52;45,3;2017-03-01
DCyphermedia;34;46,4;2017-03-01
Ximobi;5;46,5;2017-03-01
JungleTap;73;48,89;2017-03-01
Gold360;137;54,8;2017-03-01
Appave;57;68,4;2017-03-01
Marvel Media;210;84;2017-03-01
AlliTapp;56;86,95;2017-03-01
Digital Turbine;45;109,4;2017-03-01
Tracsion;122;111,03;2017-03-01
Digital Virgo;133;146,3;2017-03-01
Kwanko (Swelen);150;147;2017-03-01
Appcoach;210;162,66;2017-03-01
Superads;48;211,5;2017-03-01
WinClap;217;235,77;2017-03-01
Avazu CPA;10;240;2017-03-01
Art of Click;114;245,04;2017-03-01
MoBrain (Headway);908;417,28;2017-03-01
Collectcent;189;521,6;2017-03-01
Buongiorno (taplinks);65;604,2;2017-03-01
StartApp;473;637,85;2017-03-01
Nanalab;111;766;2017-03-01
Mobsai;232;796,95;2017-03-01
Instal;726;820,96;2017-03-01
MiniMob;734;1345,06;2017-03-01
Adxperience;464;1349,9;2017-03-01
Digital Galaxy;254;1892,4;2017-03-01
Mobquid CPA;2724;3130,3;2017-03-01
Applift;1494;3435,72;2017-03-01
Admitad;107;3834;2017-03-01
Mobquid;11782;8594,1;2017-03-01
